Order Date,Sales,Profit,Quantity,Discount,Year,Month,Quarter,Lag_1,Lag_2,Lag_3,Lag_6,Rolling_Mean_3,Rolling_Mean_6
2023-07-01,33946.393,-841.4826000000022,550,0.17167832167832167,2023,7,3,34669.4796,26319.767,28295.345,14518.055,29761.530533333334,27542.741266666668
2023-08-01,28918.3385,5765.224999999999,624,0.1268987341772152,2023,8,3,33946.393,34669.4796,26319.767,4519.892,31645.2132,30780.7976
2023-09-01,82670.4288,8593.630199999996,1015,0.15776556776556777,2023,9,3,28918.3385,33946.393,34669.4796,56933.909,32511.4037,34847.205350000004
2023-10-01,32413.339,3469.174899999999,605,0.15625,2023,10,4,82670.4288,28918.3385,33946.393,28295.345,48511.7201,39136.625316666665
2023-11-01,78826.9567,9362.955699999999,1235,0.15021875,2023,11,4,32413.339,82670.4288,28918.3385,26319.767,48000.702099999995,39822.95765
2023-12-01,72008.3085,9554.657099999999,1158,0.18501683501683502,2023,12,4,78826.9567,32413.339,82670.4288,34669.4796,64636.90816666667,48574.15593333333
2024-01-01,18461.9156,-3189.8030000000012,260,0.16125,2024,1,1,72008.3085,78826.9567,32413.339,33946.393,61082.86806666667,54797.294083333334
2024-02-01,11951.411,2813.8507999999997,239,0.1296875,2024,2,1,18461.9156,72008.3085,78826.9567,28918.3385,56432.3936,52216.54785
2024-03-01,39978.628,9930.613399999998,528,0.13858156028368793,2024,3,1,11951.411,18461.9156,72008.3085,82670.4288,34140.545033333336,49388.726599999995
2024-04-01,34195.2085,4187.496199999999,543,0.17593750000000002,2024,4,2,39978.628,11951.411,18461.9156,32413.339,23463.98486666667,42273.426466666664
2024-05-01,30246.946500000002,4677.136999999999,595,0.16566666666666668,2024,5,2,34195.2085,39978.628,11951.411,78826.9567,28708.415833333336,42570.404716666664
2024-06-01,24797.292,3335.5571999999993,486,0.17246376811594202,2024,6,2,30246.946500000002,34195.2085,39978.628,72008.3085,34806.92766666667,34473.73635
2024-07-01,28765.325,3288.648299999999,557,0.17035714285714287,2024,7,3,24797.292,30246.946500000002,34195.2085,18461.9156,29746.482333333337,26605.233600000003
2024-08-01,37057.0042,5371.6273999999985,603,0.1572222222222222,2024,8,3,28765.325,24797.292,30246.946500000002,11951.411,27936.521166666673,28322.468500000003
2024-09-01,64627.046,8220.025099999997,1090,0.14067796610169492,2024,9,3,37057.0042,28765.325,24797.292,39978.628,30206.54040000001,32506.734033333338
2024-10-01,31407.1335,2817.966,632,0.16137724550898203,2024,10,4,64627.046,37057.0042,28765.325,34195.2085,43483.12506666667,36614.803700000004
2024-11-01,75972.5635,12474.788399999998,1310,0.16231481481481483,2024,11,4,31407.1335,64627.046,37057.0042,30246.946500000002,44363.727900000005,36150.124533333335
2024-12-01,75532.5572,8093.062699999998,1243,0.1386769230769231,2024,12,4,75972.5635,31407.1335,64627.046,24797.292,57335.581000000006,43771.0607
2025-01-01,18830.331000000002,2916.0233,382,0.12421052631578948,2025,1,1,75532.5572,75972.5635,31407.1335,28765.325,60970.75140000001,52226.93823333333
2025-02-01,22978.815000000002,5004.579499999999,306,0.0963855421686747,2025,2,1,18830.331000000002,75532.5572,75972.5635,37057.0042,56778.483900000014,50571.105899999995
2025-03-01,53031.069,3707.8861999999995,592,0.19289156626506027,2025,3,1,22978.815000000002,18830.331000000002,75532.5572,64627.046,39113.90106666667,48224.741033333325
2025-04-01,38829.159,2991.660899999999,640,0.15614035087719297,2025,4,2,53031.069,22978.815000000002,18830.331000000002,31407.1335,31613.40500000001,46292.078199999996
2025-05-01,57042.837999999996,8676.696399999999,875,0.18427947598253278,2025,5,2,38829.159,53031.069,22978.815000000002,75972.5635,38279.681000000004,47529.08245000001
2025-06-01,40937.148,4926.319399999999,768,0.13951219512195123,2025,6,2,57042.837999999996,38829.159,53031.069,75532.5572,49634.35533333334,44374.12820000001
2025-07-01,40300.499,4559.882699999999,774,0.1602439024390244,2025,7,3,40937.148,57042.837999999996,38829.159,18830.331000000002,45603.04833333334,38608.22666666667
2025-08-01,31716.814300000002,2317.4992999999995,704,0.18251396648044693,2025,8,3,40300.499,40937.148,57042.837999999996,22978.815000000002,46093.495,42186.587999999996
2025-09-01,73521.6629,9370.103099999997,1325,0.1487431693989071,2025,9,3,31716.814300000002,40300.499,40937.148,53031.069,37651.487100000006,43642.92121666667
2025-10-01,59831.001,16256.8422,770,0.14698492462311558,2025,10,4,73521.6629,31716.814300000002,40300.499,38829.159,48512.992066666666,47058.0202
2025-11-01,79411.9658,4011.407499999998,1406,0.15762162162162163,2025,11,4,59831.001,73521.6629,31716.814300000002,57042.837999999996,55023.159400000004,50558.3272
2025-12-01,97502.277,17926.3013,1476,0.13707650273224045,2025,12,4,79411.9658,59831.001,73521.6629,40937.148,70921.54323333334,54286.51516666667
2026-01-01,44259.214,7231.639099999999,621,0.15527950310559005,2026,1,1,97502.277,79411.9658,59831.001,40300.499,78915.08126666668,63714.036666666674
2026-02-01,20301.1334,1613.871999999999,363,0.1819626168224299,2026,2,1,44259.214,97502.277,79411.9658,31716.814300000002,73724.48560000001,64373.8225
2026-03-01,60728.4808,15013.090999999999,914,0.1324081632653061,2026,3,1,20301.1334,44259.214,97502.277,73521.6629,54020.87480000001,62471.20901666667
2026-04-01,36779.036100000005,957.5299999999979,736,0.1944607843137255,2026,4,2,60728.4808,20301.1334,44259.214,59831.001,41762.94273333334,60339.011999999995
2026-05-01,45155.4822,6299.807199999998,901,0.15097165991902833,2026,5,2,36779.036100000005,60728.4808,20301.1334,79411.9658,39269.55010000001,56497.017850000004
2026-06-01,53056.0777,8246.570699999998,934,0.17203252032520325,2026,6,2,45155.4822,36779.036100000005,60728.4808,97502.277,47554.333033333336,50787.60391666667
2026-07-01,45989.496,7006.5012,856,0.14543478260869566,2026,7,3,53056.0777,45155.4822,36779.036100000005,44259.214,44996.86533333335,43379.90403333333
2026-08-01,64129.758,9488.072199999999,899,0.14035874439461885,2026,8,3,45989.496,53056.0777,45155.4822,20301.1334,48067.01863333335,43668.28436666667
2026-09-01,88064.532,11050.8024,1685,0.14591397849462368,2026,9,3,64129.758,45989.496,53056.0777,60728.4808,54391.77723333335,50973.055133333335
2026-10-01,83474.7832,10670.531199999998,1166,0.17611650485436894,2026,10,4,88064.532,64129.758,45989.496,36779.036100000005,66061.26200000002,55529.06366666666
2026-11-01,118454.505,9692.103699999998,1842,0.1606304347826087,2026,11,4,83474.7832,88064.532,64129.758,45155.4822,78556.35773333335,63311.68818333334
2026-12-01,85175.0328,8655.826899999998,1820,0.14526970954356846,2026,12,4,118454.505,83474.7832,88064.532,53056.0777,96664.60673333336,75528.19198333334
