Actual,Linear Regression,Random Forest,XGBoost
36779.036100000005,50474.37502661627,45720.57234000001,48130.035
45155.4822,68529.81844675448,48536.68680500003,55891.066
53056.0777,60991.97016653512,45728.41305950001,42981.508
45989.496,43682.64854587894,45303.89597049998,53023.766
64129.758,57944.749559908174,38487.122651999925,38320.78
88064.532,78297.30838312674,68438.0515470001,72016.78
83474.7832,69618.0699956026,59178.43077100002,50404.516
118454.505,89749.08610948827,80934.6363330002,78834.09
85175.0328,110069.01560306922,81816.72979400019,81891.3
